{"_wandb":{"runtime":20793},"_runtime":20793,"epoch":15,"_timestamp":1.772428426305741e+09,"_step":14,"train_loss":0.07902093315266073,"train_accuracy":0.97}