{"_wandb":{"runtime":5115},"_runtime":5115,"_step":4,"video_train_loss":0.11862349429111445,"video_train_acc":0.9543743357890376,"epoch":5,"_timestamp":1.772484544029064e+09}